ID;post_title;post_name;post_date;post_status
465257;Kontakt;kontakt;27.10.21 13:26;publish
465256;Blog;blog;26.10.21 14:00;publish
465255;Häufige Fragen;haeufige-fragen;26.10.21 13:42;publish
465254;Über uns;firmenportrait;26.10.21 13:30;publish
465253;Preise;preise;26.10.21 12:58;publish
465252;Ihre Vorteile;ihre-vorteile;26.10.21 12:39;publish
465251;Startseite;startseite;25.10.21 12:15;publish
454742;Immobilienbewertung Bad Neuenahr-Ahrweiler;immobilienbewertung-bad-neuenahr-ahrweiler;05.03.21 10:56;publish
430044;Danke für Ihr Vertrauen!;danke-fuer-ihr-vertrauen;23.12.20 11:34;publish
422292;Mehr Informationen zum Leadgenerator erhalten;leadgenerator;27.11.20 09:22;publish
422255;Eigentümer Leads;eigentuemer-leads;27.11.20 08:16;publish
395967;Der neue Energieausweis-Leadgenerator für Immobilienmakler;energieausweis-leadgenerator;04.09.20 09:46;publish
385748;Energieausweis: Woher bekommen und was kostet es?;energieausweis-woher-bekommen-und-was-kostet-es;18.08.20 14:28;publish
387357;Energieausweis erstellen;energieausweis;03.08.20 08:49;publish
387331;Energieausweis erstellen - So geht´s;energieausweis2;03.08.20 07:39;publish
387320;Wie Sie beim Energieausweis Kosten sparen können;wie-sie-kosten-beim-energieausweis-sparen;03.08.20 07:20;publish
387305;Energiebedarfsausweis online erstellen;energiebedarfsausweis-online-erstellen;03.08.20 00:55;publish
387296;Energieausweis für Ihr Haus oder ein gewerblich genutztes Objekt online erstellen – schnell, zuverlässig, aussagekräftig & rechtsverbindlich;sie-benoetigen-einen-energieausweis-fuer-ihr-haus;03.08.20 00:41;publish
387288;Lexikon;lexikon;03.08.20 00:26;publish
387271;4 einfache Schritte zur Energieausweis-Erstellung;energieausweis-erstellen;03.08.20 00:06;publish
387258;NEU! Verbrauchsausweis online erstellen - So einfach gehts;verbrauchsausweis-online-erstellen-so-einfach-gehts-2;02.08.20 23:28;publish
387247;Energieausweise für Immobilienmakler und Hausverwalter;energieausweise-fuer-immobilienmakler-und-hausverwalter;02.08.20 22:52;publish
387206;So erstellen Sie Ihren Energieausweis online;erstellen-sie-ihren-energieausweis-online;02.08.20 22:03;publish
387189;Energieausweis-Affiliate-Programm;affiliate-area;02.08.20 21:18;publish
387168;Energieausweise für BVFI-Mitglieder;energieausweise-fuer-bvfi-mitglieder;02.08.20 20:49;publish
387144;Diese Angaben benötigen zur Erstellung des Energieausweises;angaben-fuer-den-energieausweis;02.08.20 20:23;publish
387094;Ankereffekte - Wie Sie alle Arten von Verhandlungen zu Ihren Gunsten beeinflussen;ankereffekte;02.08.20 18:30;publish
386928;8 Profi-Tipps zur sichersten Immobilien-Vermietung;8-profi-tipps-zur-sichersten-immobilien-vermietung;02.08.20 03:59;publish
386621;Aufnahmeformulare für Energieausweise;aufnahmeformulare-fuer-energieausweise;31.07.20 01:11;publish
386609;Energieausweise für Immobilienmakler und Hausverwalter;ivd;31.07.20 00:51;publish
386336;Leads zur Immobilienvermarktung;leads;30.07.20 12:10;publish
386183;Energieausweise für Immobilienprofis;immobilienprofi;30.07.20 09:39;publish
386045;Danke für Ihr Vertrauen!;vermarktungspaket-immoticket24-2;29.07.20 18:49;publish
385957;DDIV: Energieausweise für Immobilienmakler und Hausverwalter;verwalter;29.07.20 15:11;publish
339921;Bezahlvorgang fehlgeschlagen! Sie werden weitergeleitet...;bezahlvorgang-fehlgeschlagen-sie-werden-weitergeleitet;13.02.20 17:10;publish
339918;Bezahlvorgang erfolgreich! Sie werden weitergeleitet...;bezahlvorgang-erfolgreich-sie-werden-weitergeleitet;13.02.20 17:08;publish
339915;Bestellvorgang Erfolgreich! Sie werden weitergeleitet...;bestellvorgang-erfolgreich-sie-werden-weitergeleitet;13.02.20 17:04;publish
339912;Sparkasse Immobilien Heidelberg;sparkasse-immobilien-heidelberg;13.02.20 17:01;publish
300472;Landingpage - Verbrauchsausweis Online;verbrauchsausweis-online-erstellen;23.10.19 13:44;publish
300047;Landingpage - Bedarfsausweis Online;bedarfsausweis-online;23.10.19 12:11;publish
338511;Startseite-Adwords;energieausweis-anfordern;10.09.19 17:01;publish
220991;Verkäufer-Leads erhalten;verkaeufer-leads-erhalten;15.11.18 13:06;publish
356457;Eigentümer-Leads erhalten;verkaeufer-leads-erhalten-2;15.11.18 13:06;publish
152986;Gewerbeschein senden;gewerbeschein-senden;24.05.18 14:52;publish
41579;OptimizePress Content Preview Page;op_content_layout_preview_page;26.01.17 23:17;op_preview
381719;Energieausweis erstellen Bonn: Online Service für Makler und Eigentümer;energieausweis-bonn;16.04.16 17:50;publish
381928;Energieausweis erstellen in Bremen: Online mit Immoticket24.de;energieausweis-bremen;16.04.16 17:50;publish
382872;Energieausweis erstellen in Köln: preisgünstig, rechtssicher, online;energieausweis-koeln;16.04.16 17:50;publish
382904;Energieausweis erstellen Bochum: online Zeit und Kosten sparen;energieausweis-bochum;16.04.16 17:50;publish
384926;Bedarfsausweis online  - So einfach gehts;bedarfsausweis-online-so-einfach-gehts;16.04.16 17:50;publish
384927;NEU! Energieausweis online erstellen - So einfach gehts;energieausweis-online-erstellen-so-einfach-gehts;16.04.16 17:50;publish
387293;Affiliate-Nutzungsvereinbarung;affiliate-nutzungsvereinbarung;17.11.15 10:01;publish
105680;Bedarfsausweis erstellen;bedarfsausweis-erstellen;18.09.15 23:39;publish
84;Checkout;checkout;16.07.15 10:26;publish
86;Kauf fehlgeschlagen;kauf-fehlgeschlagen;16.07.15 10:26;publish
87;Kaufarchiv;kaufarchiv;16.07.15 10:26;publish
80;AGB;agb;13.07.15 13:06;publish
76;Widerrufsbelehrung;widerrufsrecht;13.07.15 13:03;publish
74;Datenschutzerklärung;datenschutz;13.07.15 13:00;publish
70;Impressum;impressum;01.07.15 10:41;publish
11;Verbrauchsausweis erstellen;verbrauchsausweis-wohngebaeude;01.12.14 17:59;publish
9;Bedarfsausweis erstellen;bedarfsausweis-wohngebaeude;01.12.14 17:59;publish